label,count,mean,std,min,max,median,sem,ci_half_width,ci_low,ci_high
AI｜影片對話,298,0.0005497379058197597,0.0016068746645862967,0.0,0.0115384615384615,0.0,9.308375004503952e-05,0.00018244415008827745,0.00036729375573148226,0.0007321820559080372
AI｜影片描述,298,0.0008489221602282614,0.0027749252543211645,0.0,0.0189873417721519,0.0,0.00016074710396495086,0.0003150643237713037,0.0005338578364569577,0.0011639864839995651
AI｜新聞標題,298,0.0006145868350804383,0.005324368957350511,0.0,0.0526315789473684,0.0,0.0003084324123693755,0.000604527528243976,1.005930683646225e-05,0.0012191143633244143
記者｜新聞內容,20,0.001074786335517935,0.0017101817387115761,0.0,0.0057471264367816,0.0,0.00038240826216378676,0.0007495201938410221,0.0003252661416769129,0.001824306529358957
記者｜新聞標題,20,0.00357142857142857,0.01597191412499849,0.0,0.0714285714285714,0.0,0.0035714285714285696,0.006999999999999997,-0.0034285714285714267,0.010571428571428567
