label,count,mean,std,min,max,median,sem,ci_half_width,ci_low,ci_high
AI｜影片對話,298,0.9999999999942293,0.0,0.9999999999942292,0.9999999999942292,0.9999999999942292,0.0,0.0,0.9999999999942293,0.9999999999942293
AI｜影片描述,298,0.9999999999942293,0.0,0.9999999999942292,0.9999999999942292,0.9999999999942292,0.0,0.0,0.9999999999942293,0.9999999999942293
AI｜新聞標題,298,0.9999999999942355,1.114442710608304e-13,0.9999999999942292,0.9999999999961529,0.9999999999942292,6.45579328618561e-15,1.2653354840923796e-14,0.9999999999942228,0.9999999999942482
記者｜新聞內容,20,0.9999999999942292,0.0,0.9999999999942292,0.9999999999942292,0.9999999999942292,0.0,0.0,0.9999999999942292,0.9999999999942292
記者｜新聞標題,20,0.9999999999945178,7.047287694692317e-13,0.9999999999942292,0.9999999999961529,0.9999999999942292,1.5758214342329804e-13,3.0886100110966414e-13,0.999999999994209,0.9999999999948267
