label,count,mean,std,min,max,median,sem,ci_half_width,ci_low,ci_high
AI｜影片對話,298,1.7053856582736688,0.0012736055143107003,1.7017753322506894,1.7097874826775536,1.7053489782276678,7.377798652429648e-05,0.0001446048535876211,1.7052410534200813,1.7055302631272564
AI｜影片描述,298,1.703268036388379,0.001426262088583501,1.701221073188731,1.7139682763091355,1.7030786096312256,8.262114443543314e-05,0.00016193744309344897,1.7031060989452855,1.7034299738314724
AI｜新聞標題,298,1.7001435319221612,0.005894430422844442,1.5999999999992307,1.708437499998846,1.6999999999988458,0.0003414551864125568,0.0006692521653686112,1.6994742797567925,1.7008127840875298
記者｜新聞內容,20,1.7054186556053836,0.0018382714873651225,1.7020272439061177,1.708931991461352,1.705436902925014,0.00041105000068480593,0.0008056580013422196,1.7046129976040414,1.7062243136067259
記者｜新聞標題,20,1.6856020839986585,0.036931096613924436,1.5999999999992307,1.7071428571417029,1.6999999999988458,0.008258044251234734,0.016185766732420077,1.6694163172662384,1.7017878507310786
