label,count,mean,std,min,max,median,sem,ci_half_width,ci_low,ci_high
AI｜影片對話,298,3.75,0.0,3.75,3.75,3.75,0.0,0.0,3.75,3.75
AI｜影片描述,298,3.75,0.0,3.75,3.75,3.75,0.0,0.0,3.75,3.75
AI｜新聞標題,298,3.7491610738255035,0.014482111159087298,3.5,3.75,3.75,0.0008389261744966438,0.001644295302013422,3.74751677852349,3.7508053691275167
記者｜新聞內容,20,3.75,0.0,3.75,3.75,3.75,0.0,0.0,3.75,3.75
記者｜新聞標題,20,3.7125,0.09158688713313082,3.5,3.75,3.75,0.020479450547728133,0.04013972307354714,3.6723602769264527,3.752639723073547
