label,count,mean,std,min,max,median,sem,ci_half_width,ci_low,ci_high
AI｜影片對話,298,3.999999999976917,0.0,3.9999999999769167,3.9999999999769167,3.9999999999769167,0.0,0.0,3.999999999976917,3.999999999976917
AI｜影片描述,298,3.999999999976917,0.0,3.9999999999769167,3.9999999999769167,3.9999999999769167,0.0,0.0,3.999999999976917,3.999999999976917
AI｜新聞標題,298,3.9966442952789687,0.05792844463568063,2.9999999999884586,3.9999999999769167,3.9999999999769167,0.003355704697947847,0.00657718120797778,3.990067114070991,4.003221476486947
記者｜新聞內容,20,3.9999999999769167,0.0,3.9999999999769167,3.9999999999769167,3.9999999999769167,0.0,0.0,3.9999999999769167,3.9999999999769167
記者｜新聞標題,20,3.8499999999786483,0.3663475485282949,2.9999999999884586,3.9999999999769167,3.9999999999769167,0.08191780218996704,0.1605588922923354,3.6894411076863127,4.010558892270984
