{
  "新聞標題": {
    "von_neumann_entropy": {
      "mean": 4.165133613333272,
      "std": 0.3091847555352645,
      "min": 2.9999999999884586,
      "max": 4.957854445470229
    },
    "category_coherence": {
      "mean": 0.4000721523735689,
      "std": 0.0690726065419234,
      "min": 0.22727272727272727,
      "max": 0.7333333333333333
    },
    "compositional_entanglement": {
      "mean": 0.36604136939876314,
      "std": 0.08278289121683355,
      "min": 0.16129032258064516,
      "max": 0.6923076923076923
    },
    "grammatical_superposition": {
      "mean": 3.768814937327729,
      "std": 0.05186336488370637,
      "min": 3.5,
      "max": 3.866122448979592
    },
    "semantic_interference": {
      "mean": 0.0013921456986821373,
      "std": 0.0025623392248752363,
      "min": 0.0,
      "max": 0.028125
    },
    "frame_competition": {
      "mean": 0.9967720550403908,
      "std": 0.005081168064102882,
      "min": 0.9554820237160698,
      "max": 0.9999999999961527
    },
    "multiple_reality_strength": {
      "mean": 1.7133732572300995,
      "std": 0.020599711510810744,
      "min": 1.602447653684538,
      "max": 1.751724137929312
    },
    "frame_conflict_strength": {
      "mean": 0.21126423903129582,
      "std": 0.03376247655935734,
      "min": 0.11750340136054421,
      "max": 0.3546789392943239
    },
    "semantic_ambiguity": {
      "mean": 1.8837494494345228,
      "std": 0.12796742787249532,
      "min": 1.4249999999953835,
      "max": 2.20315480346604
    }
  },
  "影片對話": {
    "von_neumann_entropy": {
      "mean": 7.0608949473908424,
      "std": 0.23892837018164323,
      "min": 6.356301427286774,
      "max": 8.444076427482521
    },
    "category_coherence": {
      "mean": 0.22633227746491252,
      "std": 0.03329676850991948,
      "min": 0.17914438502673796,
      "max": 0.6182795698924731
    },
    "compositional_entanglement": {
      "mean": 0.0742227846880221,
      "std": 0.01697914712983981,
      "min": 0.02060931899641577,
      "max": 0.16129032258064516
    },
    "grammatical_superposition": {
      "mean": 3.941531083219977,
      "std": 0.008304188490881102,
      "min": 3.9160058312052195,
      "max": 3.9812181241248186
    },
    "semantic_interference": {
      "mean": 0.017768948280803856,
      "std": 0.004232358973544434,
      "min": 0.005917774172812086,
      "max": 0.03262494226235983
    },
    "frame_competition": {
      "mean": 0.921608814312627,
      "std": 0.012351519127224828,
      "min": 0.8746046626213442,
      "max": 0.9674948440612035
    },
    "multiple_reality_strength": {
      "mean": 1.6777820326896355,
      "std": 0.012279153212523479,
      "min": 1.6290426633665795,
      "max": 1.7258327277948329
    },
    "frame_conflict_strength": {
      "mean": 0.1084724638373112,
      "std": 0.007947119153063488,
      "min": 0.051697458313125284,
      "max": 0.1448665452653486
    },
    "semantic_ambiguity": {
      "mean": 3.039163284762554,
      "std": 0.09235238911468874,
      "min": 2.779442829872801,
      "max": 3.5031514229581138
    }
  },
  "影片描述": {
    "von_neumann_entropy": {
      "mean": 7.10349547542976,
      "std": 1.0257846467490648,
      "min": 5.484234164577467,
      "max": 8.918791791736755
    },
    "category_coherence": {
      "mean": 0.3814347091326842,
      "std": 0.18300832976761117,
      "min": 0.1780821917808219,
      "max": 0.7316219369894983
    },
    "compositional_entanglement": {
      "mean": 0.10232733126690258,
      "std": 0.07083744373811088,
      "min": 0.01112797167425392,
      "max": 0.2753623188405797
    },
    "grammatical_superposition": {
      "mean": 3.9455636796647107,
      "std": 0.026199256542434712,
      "min": 3.8875432525951563,
      "max": 3.9842816547056836
    },
    "semantic_interference": {
      "mean": 0.010610480578367554,
      "std": 0.004570341556390503,
      "min": 0.004070243966283927,
      "max": 0.04656092103429984
    },
    "frame_competition": {
      "mean": 0.9414162432205816,
      "std": 0.020557223590589268,
      "min": 0.874134332798611,
      "max": 0.981050534934988
    },
    "multiple_reality_strength": {
      "mean": 1.6942524666384635,
      "std": 0.02464230724928687,
      "min": 1.6341799936034687,
      "max": 1.7456889745310344
    },
    "frame_conflict_strength": {
      "mean": 0.10589815961118898,
      "std": 0.04352540561990727,
      "min": 0.038938384575605285,
      "max": 0.18705551446145563
    },
    "semantic_ambiguity": {
      "mean": 3.0294790475024307,
      "std": 0.36541568577724937,
      "min": 2.4265904636033504,
      "max": 3.7113944048199166
    }
  },
  "overall": {
    "von_neumann_entropy": {
      "mean": 6.109841345384625,
      "std": 1.5146298512926253,
      "min": 2.9999999999884586,
      "max": 8.918791791736755
    },
    "category_coherence": {
      "mean": 0.3359463796570552,
      "std": 0.138444334239085,
      "min": 0.1780821917808219,
      "max": 0.7333333333333333
    },
    "compositional_entanglement": {
      "mean": 0.1808638284512293,
      "std": 0.14608338524369469,
      "min": 0.01112797167425392,
      "max": 0.6923076923076923
    },
    "grammatical_superposition": {
      "mean": 3.8853032334041395,
      "std": 0.08911167361012008,
      "min": 3.5,
      "max": 3.9842816547056836
    },
    "semantic_interference": {
      "mean": 0.009923858185951182,
      "std": 0.007750759718963267,
      "min": 0.0,
      "max": 0.04656092103429984
    },
    "frame_competition": {
      "mean": 0.9532657041911997,
      "std": 0.03482528678297803,
      "min": 0.874134332798611,
      "max": 0.9999999999961527
    },
    "multiple_reality_strength": {
      "mean": 1.695135918852733,
      "std": 0.02459654362395606,
      "min": 1.602447653684538,
      "max": 1.751724137929312
    },
    "frame_conflict_strength": {
      "mean": 0.14187828749326536,
      "std": 0.058661755495876385,
      "min": 0.038938384575605285,
      "max": 0.3546789392943239
    },
    "semantic_ambiguity": {
      "mean": 2.650797260566503,
      "std": 0.5892529644303549,
      "min": 1.4249999999953835,
      "max": 3.7113944048199166
    }
  }
}