{
  "von_neumann_entropy": {
    "mean": 3.9933333333103276,
    "std": 0.08164965809183025,
    "min": 2.999999999988458,
    "max": 3.9999999999769167,
    "median": 3.9999999999769167
  },
  "superposition_strength": {
    "mean": 3.7483333333333335,
    "std": 0.02041241452319315,
    "min": 3.5,
    "max": 3.75,
    "median": 3.75
  },
  "quantum_coherence": {
    "mean": 0.9370833333333334,
    "std": 0.005103103630798287,
    "min": 0.875,
    "max": 0.9375,
    "median": 0.9375
  },
  "semantic_interference": {
    "mean": 0.010288581879670073,
    "std": 0.008085943713890448,
    "min": 0.0,
    "max": 0.028359332292463266,
    "median": 0.0105730700900975
  },
  "frame_competition": {
    "mean": 1.0,
    "std": 0.0,
    "min": 1.0,
    "max": 1.0,
    "median": 1.0
  },
  "multiple_reality_strength": {
    "mean": 1.7024928459800204,
    "std": 0.008776919925379486,
    "min": 1.6,
    "max": 1.708507799687739,
    "median": 1.70329859883739
  }
}