{
  "von_neumann_entropy": {
    "mean": 3.924999999977783,
    "std": 0.26674678283383985,
    "min": 2.999999999988458,
    "max": 3.9999999999769167,
    "median": 3.9999999999769167
  },
  "superposition_strength": {
    "mean": 3.73125,
    "std": 0.06668669570922962,
    "min": 3.5,
    "max": 3.75,
    "median": 3.75
  },
  "quantum_coherence": {
    "mean": 0.9328125,
    "std": 0.016671673927307406,
    "min": 0.875,
    "max": 0.9375,
    "median": 0.9375
  },
  "semantic_interference": {
    "mean": 0.009260196859330414,
    "std": 0.00964643933357179,
    "min": 0.0,
    "max": 0.028987141353008523,
    "median": 0.007469648936361835
  },
  "frame_competition": {
    "mean": 1.0,
    "std": 0.0,
    "min": 1.0,
    "max": 1.0,
    "median": 1.0
  },
  "multiple_reality_strength": {
    "mean": 1.6955103698031464,
    "std": 0.027691238430539493,
    "min": 1.6,
    "max": 1.7089319914625063,
    "median": 1.7026654215162
  }
}