{
  "新聞標題": {
    "von_neumann_entropy": {
      "mean": 0.9108952407523101,
      "std": 0.0237675881727881,
      "min": 0.844501038127495,
      "max": 0.9700062094156952
    },
    "category_coherence": {
      "mean": 0.14071860162680916,
      "std": 0.06206042568026894,
      "min": 0.00401827311653241,
      "max": 0.41079020014973155
    },
    "compositional_entanglement": {
      "mean": 0.10329051973144189,
      "std": 0.02987473066455065,
      "min": 0.06223223968163077,
      "max": 0.17015809685692357
    },
    "grammatical_superposition": {
      "mean": 1.0,
      "std": 0.0,
      "min": 1.0,
      "max": 1.0
    },
    "semantic_interference": {
      "mean": 0.30886485919919987,
      "std": 0.07512758476562412,
      "min": 0.019149178213155635,
      "max": 0.4319401041666665
    },
    "frame_competition": {
      "mean": 0.9175084594953633,
      "std": 0.01911610972894066,
      "min": 0.8730397056646286,
      "max": 0.9700062094156954
    },
    "multiple_reality_strength": {
      "mean": 0.8058788739336112,
      "std": 0.02206532080278127,
      "min": 0.7224696306377734,
      "max": 0.8473881715413154
    },
    "frame_conflict_strength": {
      "mean": 0.17707285939054823,
      "std": 0.01445972571072371,
      "min": 0.13686158233654314,
      "max": 0.22593756021509936
    },
    "semantic_ambiguity": {
      "mean": 0.767771731039289,
      "std": 0.021992724632759978,
      "min": 0.6679944969291117,
      "max": 0.8236107519004243
    }
  },
  "影片對話": {
    "von_neumann_entropy": {
      "mean": 0.7910337177378038,
      "std": 0.014615845445480268,
      "min": 0.7305791858223043,
      "max": 0.8501483146739784
    },
    "category_coherence": {
      "mean": 0.20943015052471406,
      "std": 0.025639880016900825,
      "min": 0.15179834925098215,
      "max": 0.4433578572676642
    },
    "compositional_entanglement": {
      "mean": 0.06870615352620477,
      "std": 0.011114610300224504,
      "min": 0.06223227031160311,
      "max": 0.10909955307757746
    },
    "grammatical_superposition": {
      "mean": 1.0,
      "std": 0.0,
      "min": 1.0,
      "max": 1.0
    },
    "semantic_interference": {
      "mean": 0.18106553506756223,
      "std": 0.11976116218695851,
      "min": 0.0066418357283741965,
      "max": 0.6042378520907381
    },
    "frame_competition": {
      "mean": 0.9144558023614617,
      "std": 0.0009796265862991988,
      "min": 0.9116472025708919,
      "max": 0.9185159607255909
    },
    "multiple_reality_strength": {
      "mean": 0.6881801364005012,
      "std": 0.029118095934315517,
      "min": 0.6303325667949565,
      "max": 0.8281908073086891
    },
    "frame_conflict_strength": {
      "mean": 0.11327337027937552,
      "std": 0.005281870082880121,
      "min": 0.08500701974758057,
      "max": 0.12803395915816218
    },
    "semantic_ambiguity": {
      "mean": 0.7716909954444636,
      "std": 0.014404442706863198,
      "min": 0.704320119135753,
      "max": 0.8358665340511443
    }
  },
  "影片描述": {
    "von_neumann_entropy": {
      "mean": 0.8340201977290717,
      "std": 0.016139339987580312,
      "min": 0.7797393480864714,
      "max": 0.8802650145701713
    },
    "category_coherence": {
      "mean": 0.29457600033565445,
      "std": 0.1185638482249868,
      "min": 0.13517889538773542,
      "max": 0.5441963525897284
    },
    "compositional_entanglement": {
      "mean": 0.06530002591862118,
      "std": 0.00880893654786371,
      "min": 0.062232235842559096,
      "max": 0.11414566536057172
    },
    "grammatical_superposition": {
      "mean": 1.0,
      "std": 0.0,
      "min": 1.0,
      "max": 1.0
    },
    "semantic_interference": {
      "mean": 0.3533166613894831,
      "std": 0.18378440373737961,
      "min": 0.008268504247384754,
      "max": 0.781791209851106
    },
    "frame_competition": {
      "mean": 0.9145837150675488,
      "std": 0.0023779101197572163,
      "min": 0.9081384262956851,
      "max": 0.9177936209489299
    },
    "multiple_reality_strength": {
      "mean": 0.7625287696026317,
      "std": 0.05229779891906997,
      "min": 0.6478011343635521,
      "max": 0.9009029375210734
    },
    "frame_conflict_strength": {
      "mean": 0.10835776415223981,
      "std": 0.01826800847435048,
      "min": 0.07628178122050497,
      "max": 0.14641217464796807
    },
    "semantic_ambiguity": {
      "mean": 0.7805669451298807,
      "std": 0.04752270420545794,
      "min": 0.6700350672296563,
      "max": 0.8773073128817944
    }
  },
  "overall": {
    "von_neumann_entropy": {
      "mean": 0.8453163854063953,
      "std": 0.05297713053966677,
      "min": 0.7305791858223043,
      "max": 0.9700062094156952
    },
    "category_coherence": {
      "mean": 0.21490825082905923,
      "std": 0.10069603230731201,
      "min": 0.00401827311653241,
      "max": 0.5441963525897284
    },
    "compositional_entanglement": {
      "mean": 0.07909889972542261,
      "std": 0.025663360509399723,
      "min": 0.062232235842559096,
      "max": 0.17015809685692357
    },
    "grammatical_superposition": {
      "mean": 1.0,
      "std": 0.0,
      "min": 1.0,
      "max": 1.0
    },
    "semantic_interference": {
      "mean": 0.281082351885415,
      "std": 0.1523746719764181,
      "min": 0.0066418357283741965,
      "max": 0.781791209851106
    },
    "frame_competition": {
      "mean": 0.9155159923081247,
      "std": 0.011212735122948115,
      "min": 0.8730397056646286,
      "max": 0.9700062094156954
    },
    "multiple_reality_strength": {
      "mean": 0.7521959266455813,
      "std": 0.060978877263920275,
      "min": 0.6303325667949565,
      "max": 0.9009029375210734
    },
    "frame_conflict_strength": {
      "mean": 0.13290133127405454,
      "std": 0.03421248365707362,
      "min": 0.07628178122050497,
      "max": 0.22593756021509936
    },
    "semantic_ambiguity": {
      "mean": 0.773343223871211,
      "std": 0.031775352724207395,
      "min": 0.6679944969291117,
      "max": 0.8773073128817944
    }
  }
}