{
  "von_neumann_entropy": {
    "mean": 3.998881431744267,
    "std": 0.03344500310414655,
    "min": 2.999999999988458,
    "max": 3.9999999999769167,
    "median": 3.9999999999769167
  },
  "superposition_strength": {
    "mean": 3.7497203579418343,
    "std": 0.00836125077613314,
    "min": 3.5,
    "max": 3.75,
    "median": 3.75
  },
  "quantum_coherence": {
    "mean": 0.9374300894854586,
    "std": 0.002090312694033285,
    "min": 0.875,
    "max": 0.9375,
    "median": 0.9375
  },
  "semantic_interference": {
    "mean": 0.009923858185951182,
    "std": 0.007750759718963267,
    "min": 0.0,
    "max": 0.04656092103429984,
    "median": 0.010015606392992302
  },
  "frame_competition": {
    "mean": 1.0,
    "std": 0.0,
    "min": 1.0,
    "max": 1.0,
    "median": 1.0
  },
  "multiple_reality_strength": {
    "mean": 1.7029324088625568,
    "std": 0.004172892264615536,
    "min": 1.6,
    "max": 1.71396827631029,
    "median": 1.7030527986280548
  }
}