{
  "新聞標題": {
    "frame_competition": {
      "mean": 0.8894059295037353,
      "std": 0.06654478998869484,
      "min": 0.5651918217246282,
      "max": 0.9182238168403147
    },
    "emotion_frame_strength": {
      "mean": 0.275979606320646,
      "std": 0.058931770733045855,
      "min": 0.14684556825929065,
      "max": 0.7021293490066407
    },
    "reform_frame_strength": {
      "mean": 0.17126596636688504,
      "std": 0.05301976423948263,
      "min": 0.0,
      "max": 0.2949567719792273
    },
    "frame_entanglement": {
      "mean": 0.0090869986683581,
      "std": 0.0017933137228437405,
      "min": 0.0032661269235946928,
      "max": 0.018970863842002222
    },
    "von_neumann_entropy": {
      "mean": 0.8894059295037353,
      "std": 0.06654478998869484,
      "min": 0.5651918217246283,
      "max": 0.9182238168403147
    },
    "semantic_interference": {
      "mean": 0.000268235502307047,
      "std": 0.0001502385898039866,
      "min": 0.0,
      "max": 0.000976562500000001
    },
    "multiple_reality_strength": {
      "mean": 0.372151567284401,
      "std": 0.0138509326817888,
      "min": 0.3549041721537127,
      "max": 0.4852487134676863
    },
    "frame_conflict_strength": {
      "mean": 0.22221998724834888,
      "std": 0.07554691256550511,
      "min": 0.1619893579008734,
      "max": 0.406152116127907
    },
    "semantic_ambiguity": {
      "mean": 0.5855848422816327,
      "std": 0.03443529114856813,
      "min": 0.342316525435986,
      "max": 0.6000035927951571
    }
  },
  "影片對話": {
    "frame_competition": {
      "mean": 0.8297012712996883,
      "std": 0.06559660627505048,
      "min": 0.6575001896269334,
      "max": 0.9400675590026513
    },
    "emotion_frame_strength": {
      "mean": 0.1565871188115287,
      "std": 0.06031682475002352,
      "min": 0.018185373871371084,
      "max": 0.40868030420252827
    },
    "reform_frame_strength": {
      "mean": 0.2276215337811479,
      "std": 0.08166301707997983,
      "min": 0.028000000000000018,
      "max": 0.46697791979396625
    },
    "frame_entanglement": {
      "mean": 0.005121553738509704,
      "std": 0.002844282853684845,
      "min": 0.002674047941805689,
      "max": 0.01794610113756811
    },
    "von_neumann_entropy": {
      "mean": 0.8297012712996885,
      "std": 0.06559660627505044,
      "min": 0.6575001896269332,
      "max": 0.9400675590026513
    },
    "semantic_interference": {
      "mean": 0.0005185940121644301,
      "std": 0.00046391824531263627,
      "min": 0.0,
      "max": 0.0009765625000000013
    },
    "multiple_reality_strength": {
      "mean": 0.4847542075288939,
      "std": 0.08998237532505464,
      "min": 0.3532930446007734,
      "max": 0.6711110856030078
    },
    "frame_conflict_strength": {
      "mean": 0.28932187572084256,
      "std": 0.09264853941761311,
      "min": 0.1545941620853164,
      "max": 0.420318936439793
    },
    "semantic_ambiguity": {
      "mean": 0.566968799619341,
      "std": 0.04276655275370014,
      "min": 0.454826303135502,
      "max": 0.6355814906235207
    }
  },
  "影片描述": {
    "frame_competition": {
      "mean": 0.7972111957983309,
      "std": 0.08936340595428724,
      "min": 0.43194040131749345,
      "max": 0.9261207468397953
    },
    "emotion_frame_strength": {
      "mean": 0.18698682795107927,
      "std": 0.09692455237134992,
      "min": 0.006715354638593183,
      "max": 0.9094216500208818
    },
    "reform_frame_strength": {
      "mean": 0.2142961614208049,
      "std": 0.08977919122651451,
      "min": 0.0,
      "max": 0.4736953604971402
    },
    "frame_entanglement": {
      "mean": 0.0066625940399074966,
      "std": 0.0036533259531877915,
      "min": 0.002676308357343296,
      "max": 0.0329075157914932
    },
    "von_neumann_entropy": {
      "mean": 0.797211195798331,
      "std": 0.08936340595428721,
      "min": 0.4319404013174937,
      "max": 0.9261207468397954
    },
    "semantic_interference": {
      "mean": 0.0006217700523018043,
      "std": 0.00041010407456580725,
      "min": 7.262274382848488e-37,
      "max": 0.0009765625000000013
    },
    "multiple_reality_strength": {
      "mean": 0.480547519402137,
      "std": 0.09394226474636581,
      "min": 0.354337204525517,
      "max": 0.6622291283993373
    },
    "frame_conflict_strength": {
      "mean": 0.2983269398229565,
      "std": 0.09771944027063122,
      "min": 0.1607541569548759,
      "max": 0.4118097649012499
    },
    "semantic_ambiguity": {
      "mean": 0.5480715082749309,
      "std": 0.054266371180216585,
      "min": 0.23415453520535176,
      "max": 0.6344838728657446
    }
  },
  "overall": {
    "frame_competition": {
      "mean": 0.8387727988672515,
      "std": 0.08378101011543146,
      "min": 0.43194040131749345,
      "max": 0.9400675590026513
    },
    "emotion_frame_strength": {
      "mean": 0.2065178510277513,
      "std": 0.08977113843765143,
      "min": 0.006715354638593183,
      "max": 0.9094216500208818
    },
    "reform_frame_strength": {
      "mean": 0.20439455385627925,
      "std": 0.08007901043639504,
      "min": 0.0,
      "max": 0.4736953604971402
    },
    "frame_entanglement": {
      "mean": 0.006957048815591767,
      "std": 0.0032964060533368137,
      "min": 0.002674047941805689,
      "max": 0.0329075157914932
    },
    "von_neumann_entropy": {
      "mean": 0.8387727988672515,
      "std": 0.08378101011543142,
      "min": 0.4319404013174937,
      "max": 0.9400675590026513
    },
    "semantic_interference": {
      "mean": 0.00046953318892442716,
      "std": 0.0003963355862893316,
      "min": 0.0,
      "max": 0.0009765625000000013
    },
    "multiple_reality_strength": {
      "mean": 0.4458177647384773,
      "std": 0.09171247257736637,
      "min": 0.3532930446007734,
      "max": 0.6711110856030078
    },
    "frame_conflict_strength": {
      "mean": 0.2699562675973826,
      "std": 0.09530535274504176,
      "min": 0.1545941620853164,
      "max": 0.420318936439793
    },
    "semantic_ambiguity": {
      "mean": 0.5668750500586348,
      "std": 0.04708391521452022,
      "min": 0.23415453520535176,
      "max": 0.6355814906235207
    }
  }
}