{
  "新聞標題": {
    "von_neumann_entropy": {
      "mean": 3.4378405145452624,
      "std": 0.43854489924574747,
      "min": 1.9999999999942293,
      "max": 4.058813890306675
    },
    "category_coherence": {
      "mean": 0.36072052947052946,
      "std": 0.10240148917564466,
      "min": 0.18181818181818182,
      "max": 0.5454545454545454
    },
    "compositional_entanglement": {
      "mean": 0.5457653457653457,
      "std": 0.1501859979694193,
      "min": 0.2727272727272727,
      "max": 0.8181818181818182
    },
    "grammatical_superposition": {
      "mean": 3.6091863964158337,
      "std": 0.1594935859072572,
      "min": 3.0,
      "max": 3.753086419753086
    },
    "semantic_interference": {
      "mean": 0.0008164704753738558,
      "std": 0.002161791655028981,
      "min": 0.0,
      "max": 0.00818181818181818
    },
    "frame_competition": {
      "mean": 0.9984969046980728,
      "std": 0.003812974484637259,
      "min": 0.9866599586695218,
      "max": 0.9999999999971146
    },
    "multiple_reality_strength": {
      "mean": 1.6609398051250674,
      "std": 0.05547668878875137,
      "min": 1.4499999999994226,
      "max": 1.7066666666655583
    },
    "frame_conflict_strength": {
      "mean": 0.2866746582214903,
      "std": 0.06421389671572882,
      "min": 0.1650137741046832,
      "max": 0.40951943679216407
    },
    "semantic_ambiguity": {
      "mean": 1.6021475749771454,
      "std": 0.1810048377013644,
      "min": 0.9999999999976917,
      "max": 1.8522260559304367
    }
  },
  "新聞內容": {
    "von_neumann_entropy": {
      "mean": 7.350837092404359,
      "std": 0.5141520653285796,
      "min": 6.403702386066385,
      "max": 8.372077228876506
    },
    "category_coherence": {
      "mean": 0.21446908071704018,
      "std": 0.025121651196953348,
      "min": 0.17447916666666666,
      "max": 0.2617743702081051
    },
    "compositional_entanglement": {
      "mean": 0.06553788321946656,
      "std": 0.026861527963361796,
      "min": 0.026825633383010434,
      "max": 0.11274509803921569
    },
    "grammatical_superposition": {
      "mean": 3.946020721091602,
      "std": 0.011036653426507169,
      "min": 3.9220363118547525,
      "max": 3.966198708950036
    },
    "semantic_interference": {
      "mean": 0.01770392324328697,
      "std": 0.006019458582554484,
      "min": 0.006757479690905489,
      "max": 0.028987141353008523
    },
    "frame_competition": {
      "mean": 0.917285664910119,
      "std": 0.021455302663540163,
      "min": 0.8846332089333653,
      "max": 0.9576843394521979
    },
    "multiple_reality_strength": {
      "mean": 1.6768041894371717,
      "std": 0.018099556466944736,
      "min": 1.6495352500942912,
      "max": 1.7127191212140518
    },
    "frame_conflict_strength": {
      "mean": 0.10619961515506357,
      "std": 0.0114517238598873,
      "min": 0.09011246764798474,
      "max": 0.1265601877779344
    },
    "semantic_ambiguity": {
      "mean": 3.1566591094224554,
      "std": 0.20079380493849552,
      "min": 2.7810674529777324,
      "max": 3.5613149625977365
    }
  },
  "overall": {
    "von_neumann_entropy": {
      "mean": 5.394338803474811,
      "std": 2.036791265485457,
      "min": 1.9999999999942293,
      "max": 8.372077228876506
    },
    "category_coherence": {
      "mean": 0.28759480509378477,
      "std": 0.10440563733253684,
      "min": 0.17447916666666666,
      "max": 0.5454545454545454
    },
    "compositional_entanglement": {
      "mean": 0.30565161449240613,
      "std": 0.26546786446950016,
      "min": 0.026825633383010434,
      "max": 0.8181818181818182
    },
    "grammatical_superposition": {
      "mean": 3.777603558753718,
      "std": 0.2038233174314465,
      "min": 3.0,
      "max": 3.966198708950036
    },
    "semantic_interference": {
      "mean": 0.009260196859330414,
      "std": 0.00964643933357179,
      "min": 0.0,
      "max": 0.028987141353008523
    },
    "frame_competition": {
      "mean": 0.9578912848040957,
      "std": 0.04384563879965795,
      "min": 0.8846332089333653,
      "max": 0.9999999999971146
    },
    "multiple_reality_strength": {
      "mean": 1.6688719972811197,
      "std": 0.041515109642968194,
      "min": 1.4499999999994226,
      "max": 1.7127191212140518
    },
    "frame_conflict_strength": {
      "mean": 0.19643713668827695,
      "std": 0.10209964657553693,
      "min": 0.09011246764798474,
      "max": 0.40951943679216407
    },
    "semantic_ambiguity": {
      "mean": 2.3794033421998,
      "std": 0.8094568972437182,
      "min": 0.9999999999976917,
      "max": 3.5613149625977365
    }
  }
}