{
  "von_neumann_entropy": {
    "mean": -1.442278714811869e-12,
    "std": 3.418014855787646e-16,
    "min": -1.4434639826182802e-12,
    "max": -1.4421826120167546e-12,
    "median": -1.4421826120167546e-12
  },
  "superposition_strength": {
    "mean": 3.731249999999997,
    "std": 0.06668669570922939,
    "min": 3.4999999999999982,
    "max": 3.7499999999999973,
    "median": 3.7499999999999973
  },
  "quantum_coherence": {
    "mean": 14.4,
    "std": 2.133974262695347,
    "min": 7.000000000000002,
    "max": 14.999999999999998,
    "median": 14.999999999999998
  },
  "semantic_interference": {
    "mean": 0.009260196859330414,
    "std": 0.00964643933357179,
    "min": 0.0,
    "max": 0.028987141353008523,
    "median": 0.007469648936361835
  },
  "frame_competition": {
    "mean": 1.000000000005627,
    "std": 5.131660137962369e-13,
    "min": 1.0000000000038474,
    "max": 1.0000000000057712,
    "median": 1.0000000000057712
  },
  "multiple_reality_strength": {
    "mean": 1.6955103698042708,
    "std": 0.0276912384306415,
    "min": 1.600000000000769,
    "max": 1.7089319914636598,
    "median": 1.7026654215173533
  }
}