{
  "von_neumann_entropy": {
    "mean": -1.4421840453172037e-12,
    "std": 4.285544374608091e-17,
    "min": -1.4434639826182802e-12,
    "max": -1.4421826120167546e-12,
    "median": -1.4421826120167546e-12
  },
  "superposition_strength": {
    "mean": 3.7497203579418326,
    "std": 0.00836125077613311,
    "min": 3.4999999999999982,
    "max": 3.7499999999999973,
    "median": 3.7499999999999973
  },
  "quantum_coherence": {
    "mean": 14.9910514541387,
    "std": 0.26756002483626035,
    "min": 7.000000000000002,
    "max": 14.999999999999998,
    "median": 14.999999999999998
  },
  "semantic_interference": {
    "mean": 0.009923858185951182,
    "std": 0.007750759718963267,
    "min": 0.0,
    "max": 0.04656092103429984,
    "median": 0.010015606392992302
  },
  "frame_competition": {
    "mean": 1.000000000005769,
    "std": 6.434134814780885e-14,
    "min": 1.0000000000038474,
    "max": 1.0000000000057712,
    "median": 1.0000000000057712
  },
  "multiple_reality_strength": {
    "mean": 1.7029324088637097,
    "std": 0.00417289226462614,
    "min": 1.600000000000769,
    "max": 1.7139682763114434,
    "median": 1.7030527986292083
  }
}