{
  "von_neumann_entropy": {
    "mean": -1.4421840453172037e-12,
    "std": 4.285544374608091e-17,
    "min": -1.4434639826182802e-12,
    "max": -1.4421826120167546e-12,
    "median": -1.4421826120167546e-12
  },
  "superposition_strength": {
    "mean": 0.9999999999999994,
    "std": 1.1102230246251565e-16,
    "min": 0.9999999999999993,
    "max": 0.9999999999999994,
    "median": 0.9999999999999993
  },
  "quantum_coherence": {
    "mean": 14.9910514541387,
    "std": 0.26756002483626035,
    "min": 7.000000000000002,
    "max": 14.999999999999998,
    "median": 14.999999999999998
  },
  "semantic_interference": {
    "mean": 0.009923858185951182,
    "std": 0.007750759718963267,
    "min": 0.0,
    "max": 0.04656092103429984,
    "median": 0.010015606392992302
  },
  "frame_competition": {
    "mean": 1.000000000005769,
    "std": 6.434134814780885e-14,
    "min": 1.0000000000038474,
    "max": 1.0000000000057712,
    "median": 1.0000000000057712
  },
  "multiple_reality_strength": {
    "mean": 0.6298386827890446,
    "std": 0.02325724018887633,
    "min": 0.6000000000007693,
    "max": 0.7396827631040536,
    "median": 0.6300855488470557
  }
}