label,count,mean,std,min,max,median,sem,ci_half_width,ci_low,ci_high
AI｜影片對話,298,1.0000000000057712,0.0,1.0000000000057712,1.0000000000057712,1.0000000000057712,0.0,0.0,1.0000000000057712,1.0000000000057712
AI｜影片描述,298,1.0000000000057712,0.0,1.0000000000057712,1.0000000000057712,1.0000000000057712,0.0,0.0,1.0000000000057712,1.0000000000057712
AI｜新聞標題,298,1.0000000000057647,1.1145071055122441e-13,1.0000000000038474,1.0000000000057712,1.0000000000057712,6.456166315848386e-15,1.2654085979062836e-14,1.000000000005752,1.0000000000057774
記者｜新聞內容,20,1.0000000000057712,0.0,1.0000000000057712,1.0000000000057712,1.0000000000057712,0.0,0.0,1.0000000000057712,1.0000000000057712
記者｜新聞標題,20,1.0000000000054825,7.047880703015535e-13,1.0000000000038474,1.0000000000057712,1.0000000000057712,1.5759540349251742e-13,3.0888699084533417e-13,1.0000000000051736,1.0000000000057914
