label,count,mean,std,min,max,median,sem,ci_half_width,ci_low,ci_high
AI｜影片對話,298,14.999999999999996,0.0,14.999999999999998,14.999999999999998,14.999999999999998,0.0,0.0,14.999999999999996,14.999999999999996
AI｜影片描述,298,14.999999999999996,0.0,14.999999999999998,14.999999999999998,14.999999999999998,0.0,0.0,14.999999999999996,14.999999999999996
AI｜新聞標題,298,14.973154362416105,0.4634275570907936,7.000000000000002,14.999999999999998,14.999999999999998,0.026845637583892606,0.05261744966442951,14.920536912751675,15.025771812080535
記者｜新聞內容,20,14.999999999999996,0.0,14.999999999999998,14.999999999999998,14.999999999999998,0.0,0.0,14.999999999999996,14.999999999999996
記者｜新聞標題,20,13.8,2.9307803882601844,7.000000000000002,14.999999999999998,14.999999999999998,0.6553424175272998,1.2844711383535077,12.515528861646493,15.084471138353509
