label,count,mean,std,min,max,median,sem,ci_half_width,ci_low,ci_high
AI｜影片對話,298,0.01776894828080381,0.004232358973544433,0.005917774172812,0.0326249422623598,0.0175005416563414,0.00024517397248012454,0.00048054098606104407,0.017288407294742767,0.018249489266864854
AI｜影片描述,298,0.010610480578367507,0.004570341556390504,0.0040702439662839,0.0465609210342998,0.010097901960866299,0.0002647527778185735,0.000518915444524404,0.010091565133843104,0.01112939602289191
AI｜新聞標題,298,0.0013921456986821159,0.0025623392248752203,0.0,0.028125,0.0,0.0001484323259277302,0.0002909273588183512,0.0011012183398637647,0.001683073057500467
記者｜新聞內容,20,0.017703923243286925,0.006019458582554491,0.0067574796909054,0.0289871413530085,0.01757474452227695,0.001345991857833637,0.0026381440413539283,0.015065779201932996,0.020342067284640854
記者｜新聞標題,20,0.0008164704753738448,0.0021617916550289553,0.0,0.0081818181818181,0.0,0.0004833913093836519,0.0009474469663919577,-0.00013097649101811288,0.0017639174417658026
