label,count,mean,std,min,max,median,sem,ci_half_width,ci_low,ci_high
AI｜影片對話,298,0.9999999999999992,0.0,0.9999999999999992,0.9999999999999992,0.9999999999999992,0.0,0.0,0.9999999999999992,0.9999999999999992
AI｜影片描述,298,0.9999999999999992,0.0,0.9999999999999992,0.9999999999999992,0.9999999999999992,0.0,0.0,0.9999999999999992,0.9999999999999992
AI｜新聞標題,298,0.9999999999999992,1.288433478098615e-17,0.9999999999999992,0.9999999999999994,0.9999999999999992,7.463694740365449e-19,1.4628841691116279e-18,0.9999999999999992,0.9999999999999992
記者｜新聞內容,20,0.9999999999999993,0.0,0.9999999999999992,0.9999999999999992,0.9999999999999992,0.0,0.0,0.9999999999999993,0.9999999999999993
記者｜新聞標題,20,0.9999999999999993,1.0806117409607187e-16,0.9999999999999992,0.9999999999999994,0.9999999999999992,2.4163213100725608e-17,4.735989767742219e-17,0.9999999999999993,0.9999999999999993
