{
  "methods": [
    "jieba",
    "ChatGPT"
  ],
  "coherence": [
    0.2914411964380494,
    0.4900664341661213
  ],
  "entropy": [
    0.0,
    0.0
  ],
  "interference": [
    1.0,
    1.0
  ],
  "word_count": [
    8.8,
    18.0
  ]
}