{
  "新聞標題": {
    "von_neumann_entropy_pre": {
      "mean": 3.996644295278969,
      "std": 0.057928444635680615,
      "min": 2.9999999999884586,
      "max": 3.9999999999769167
    },
    "superposition_strength_pre": {
      "mean": 3.7491610738255035,
      "std": 0.01448211115908731,
      "min": 3.5,
      "max": 3.75
    },
    "quantum_coherence_pre": {
      "mean": 0.9372902684563759,
      "std": 0.0036205277897718275,
      "min": 0.875,
      "max": 0.9375
    },
    "frame_competition_pre": {
      "mean": 0.9999999999942355,
      "std": 1.1142963023906978e-13,
      "min": 0.9999999999942292,
      "max": 0.9999999999961527
    },
    "multiple_reality_strength_pre": {
      "mean": 1.7001435319221614,
      "std": 0.00589443042284442,
      "min": 1.5999999999992307,
      "max": 1.7084374999988459
    },
    "von_neumann_entropy_post": {
      "mean": 3.950783201840391,
      "std": 0.058119849195748884,
      "min": 2.95968428974799,
      "max": 3.9760469113994668
    },
    "superposition_strength_post": {
      "mean": 3.733196252144423,
      "std": 0.015412483229433237,
      "min": 3.4721012115478516,
      "max": 3.7416725158691406
    },
    "quantum_coherence_post": {
      "mean": 0.9332990630361058,
      "std": 0.0038531208073583094,
      "min": 0.8680253028869629,
      "max": 0.9354181289672852
    },
    "frame_competition_post": {
      "mean": 0.9885234526664032,
      "std": 0.0019309811735591501,
      "min": 0.9830948245589597,
      "max": 0.9940117278498667
    },
    "multiple_reality_strength_post": {
      "mean": 1.6914622937841628,
      "std": 0.006343230498120288,
      "min": 1.58615277060234,
      "max": 1.7001573588324932
    },
    "frame_competition_delta": {
      "mean": 0.011476547327832511,
      "std": 0.001930981173565731,
      "min": 0.005988272144362483,
      "max": 0.01690517543526948
    },
    "semantic_interference": {
      "mean": 0.0013921456986821373,
      "std": 0.0025623392248752363,
      "min": 0.0,
      "max": 0.028125
    },
    "emotional_intensity": {
      "mean": 0.0006145868350804386,
      "std": 0.0053243689573505126,
      "min": 0.0,
      "max": 0.05263157894736842
    }
  },
  "影片對話": {
    "von_neumann_entropy_pre": {
      "mean": 3.999999999976917,
      "std": 4.448362065257808e-16,
      "min": 3.9999999999769167,
      "max": 3.9999999999769167
    },
    "superposition_strength_pre": {
      "mean": 3.75,
      "std": 0.0,
      "min": 3.75,
      "max": 3.75
    },
    "quantum_coherence_pre": {
      "mean": 0.9375,
      "std": 0.0,
      "min": 0.9375,
      "max": 0.9375
    },
    "frame_competition_pre": {
      "mean": 0.9999999999942293,
      "std": 1.112090516314452e-16,
      "min": 0.9999999999942292,
      "max": 0.9999999999942292
    },
    "multiple_reality_strength_pre": {
      "mean": 1.7053856582736686,
      "std": 0.0012736055143107315,
      "min": 1.7017753322506894,
      "max": 1.7097874826775536
    },
    "von_neumann_entropy_post": {
      "mean": 3.9539829136751297,
      "std": 0.007659697708624691,
      "min": 3.9344485602795887,
      "max": 3.9734270116792123
    },
    "superposition_strength_post": {
      "mean": 3.7340460975698178,
      "std": 0.002673697846030794,
      "min": 3.7270164489746094,
      "max": 3.7407054901123047
    },
    "quantum_coherence_post": {
      "mean": 0.9335115243924544,
      "std": 0.0006684244615076985,
      "min": 0.9317541122436523,
      "max": 0.9351763725280762
    },
    "frame_competition_post": {
      "mean": 0.9884957284187824,
      "std": 0.0019149244271561684,
      "min": 0.9836121400698972,
      "max": 0.9933567529198031
    },
    "multiple_reality_strength_post": {
      "mean": 1.6967032429865068,
      "std": 0.0019125810932905474,
      "min": 1.6914986111900365,
      "max": 1.7018779409120006
    },
    "frame_competition_delta": {
      "mean": 0.01150427157544675,
      "std": 0.0019149244271561684,
      "min": 0.006643247074426095,
      "max": 0.016387859924332004
    },
    "semantic_interference": {
      "mean": 0.017768948280803856,
      "std": 0.004232358973544434,
      "min": 0.005917774172812086,
      "max": 0.03262494226235983
    },
    "emotional_intensity": {
      "mean": 0.0005497379058197663,
      "std": 0.0016068746645863112,
      "min": 0.0,
      "max": 0.011538461538461539
    }
  },
  "影片描述": {
    "von_neumann_entropy_pre": {
      "mean": 3.999999999976917,
      "std": 4.448362065257808e-16,
      "min": 3.9999999999769167,
      "max": 3.9999999999769167
    },
    "superposition_strength_pre": {
      "mean": 3.75,
      "std": 0.0,
      "min": 3.75,
      "max": 3.75
    },
    "quantum_coherence_pre": {
      "mean": 0.9375,
      "std": 0.0,
      "min": 0.9375,
      "max": 0.9375
    },
    "frame_competition_pre": {
      "mean": 0.9999999999942293,
      "std": 1.112090516314452e-16,
      "min": 0.9999999999942292,
      "max": 0.9999999999942292
    },
    "multiple_reality_strength_pre": {
      "mean": 1.7032680363883788,
      "std": 0.0014262620885834823,
      "min": 1.701221073188731,
      "max": 1.7139682763091357
    },
    "von_neumann_entropy_post": {
      "mean": 3.9538592486749105,
      "std": 0.007352417205740275,
      "min": 3.9320563305553597,
      "max": 3.972847647415704
    },
    "superposition_strength_post": {
      "mean": 3.7339929094250572,
      "std": 0.002557959679740328,
      "min": 3.7265853881835938,
      "max": 3.7406044006347656
    },
    "quantum_coherence_post": {
      "mean": 0.9334982273562643,
      "std": 0.000639489919935082,
      "min": 0.9316463470458984,
      "max": 0.9351511001586914
    },
    "frame_competition_post": {
      "mean": 0.9884648121687276,
      "std": 0.0018381043014350676,
      "min": 0.98301408263884,
      "max": 0.993211911853926
    },
    "multiple_reality_strength_post": {
      "mean": 1.6945581625933015,
      "std": 0.002051452726961194,
      "min": 1.689262542087765,
      "max": 1.7052698190234856
    },
    "frame_competition_delta": {
      "mean": 0.011535187825501524,
      "std": 0.0018381043014350678,
      "min": 0.006788088140303183,
      "max": 0.016985917355389124
    },
    "semantic_interference": {
      "mean": 0.010610480578367554,
      "std": 0.004570341556390503,
      "min": 0.004070243966283927,
      "max": 0.04656092103429984
    },
    "emotional_intensity": {
      "mean": 0.0008489221602282675,
      "std": 0.0027749252543211745,
      "min": 0.0,
      "max": 0.0189873417721519
    }
  },
  "overall": {
    "von_neumann_entropy_pre": {
      "mean": 3.998881431744267,
      "std": 0.03344500310414654,
      "min": 2.9999999999884586,
      "max": 3.9999999999769167
    },
    "superposition_strength_pre": {
      "mean": 3.7497203579418343,
      "std": 0.00836125077613314,
      "min": 3.5,
      "max": 3.75
    },
    "quantum_coherence_pre": {
      "mean": 0.9374300894854586,
      "std": 0.002090312694033285,
      "min": 0.875,
      "max": 0.9375
    },
    "frame_competition_pre": {
      "mean": 0.9999999999942312,
      "std": 6.433406802894245e-14,
      "min": 0.9999999999942292,
      "max": 0.9999999999961527
    },
    "multiple_reality_strength_pre": {
      "mean": 1.7029324088614028,
      "std": 0.004172892264604907,
      "min": 1.5999999999992307,
      "max": 1.7139682763091357
    },
    "von_neumann_entropy_post": {
      "mean": 3.9528751213968105,
      "std": 0.034104776201748115,
      "min": 2.95968428974799,
      "max": 3.9760469113994668
    },
    "superposition_strength_post": {
      "mean": 3.733745086379766,
      "std": 0.009149271885864396,
      "min": 3.4721012115478516,
      "max": 3.7416725158691406
    },
    "quantum_coherence_post": {
      "mean": 0.9334362715949415,
      "std": 0.002287317971466099,
      "min": 0.8680253028869629,
      "max": 0.9354181289672852
    },
    "frame_competition_post": {
      "mean": 0.9884946644179711,