{
  "新聞標題": {
    "von_neumann_entropy_pre": {
      "mean": 3.8499999999786487,
      "std": 0.3663475485282949,
      "min": 2.9999999999884586,
      "max": 3.9999999999769167
    },
    "superposition_strength_pre": {
      "mean": 3.7125,
      "std": 0.09158688713313082,
      "min": 3.5,
      "max": 3.75
    },
    "quantum_coherence_pre": {
      "mean": 0.928125,
      "std": 0.022896721783282704,
      "min": 0.875,
      "max": 0.9375
    },
    "frame_competition_pre": {
      "mean": 0.9999999999945178,
      "std": 7.04696048870652e-13,
      "min": 0.9999999999942292,
      "max": 0.9999999999961527
    },
    "multiple_reality_strength_pre": {
      "mean": 1.6856020839986585,
      "std": 0.03693109661392444,
      "min": 1.5999999999992307,
      "max": 1.7071428571417029
    },
    "von_neumann_entropy_post": {
      "mean": 3.80385323941341,
      "std": 0.3650984190846417,
      "min": 2.9511486940231926,
      "max": 3.9712587623655278
    },
    "superposition_strength_post": {
      "mean": 3.6941243171691895,
      "std": 0.09656182946813374,
      "min": 3.4667606353759766,
      "max": 3.7401561737060547
    },
    "quantum_coherence_post": {
      "mean": 0.9235310792922974,
      "std": 0.024140457367033435,
      "min": 0.8666901588439941,
      "max": 0.9350390434265137
    },
    "frame_competition_post": {
      "mean": 0.9879255750241451,
      "std": 0.0023672228023223873,
      "min": 0.9837162313410641,
      "max": 0.9928146905913818
    },
    "multiple_reality_strength_post": {
      "mean": 1.6758369258722599,
      "std": 0.03915825484057147,
      "min": 1.5834475004186035,
      "max": 1.7017682647435555
    },
    "frame_competition_delta": {
      "mean": 0.012074424970372515,
      "std": 0.0023672228026130155,
      "min": 0.00718530940284734,
      "max": 0.016283768655088626
    },
    "semantic_interference": {
      "mean": 0.0008164704753738558,
      "std": 0.002161791655028981,
      "min": 0.0,
      "max": 0.00818181818181818
    },
    "emotional_intensity": {
      "mean": 0.0035714285714285713,
      "std": 0.015971914124998498,
      "min": 0.0,
      "max": 0.07142857142857142
    }
  },
  "新聞內容": {
    "von_neumann_entropy_pre": {
      "mean": 3.999999999976917,
      "std": 4.556259157007654e-16,
      "min": 3.9999999999769167,
      "max": 3.9999999999769167
    },
    "superposition_strength_pre": {
      "mean": 3.75,
      "std": 0.0,
      "min": 3.75,
      "max": 3.75
    },
    "quantum_coherence_pre": {
      "mean": 0.9375,
      "std": 0.0,
      "min": 0.9375,
      "max": 0.9375
    },
    "frame_competition_pre": {
      "mean": 0.9999999999942293,
      "std": 1.1390647892519134e-16,
      "min": 0.9999999999942292,
      "max": 0.9999999999942292
    },
    "multiple_reality_strength_pre": {
      "mean": 1.7054186556053836,
      "std": 0.0018382714873651648,
      "min": 1.7020272439061175,
      "max": 1.708931991461352
    },
    "von_neumann_entropy_post": {
      "mean": 3.954347230013444,
      "std": 0.0060543425310437965,
      "min": 3.946090880104965,
      "max": 3.96533370326222
    },
    "superposition_strength_post": {
      "mean": 3.7342178344726564,
      "std": 0.0021331844627039153,
      "min": 3.7310333251953125,
      "max": 3.737955093383789
    },
    "quantum_coherence_post": {
      "mean": 0.9335544586181641,
      "std": 0.0005332961156759788,
      "min": 0.9327583312988281,
      "max": 0.9344887733459473
    },
    "frame_competition_post": {
      "mean": 0.988586807503361,
      "std": 0.001513585632760954,
      "min": 0.9865227200262412,
      "max": 0.991333425815555
    },
    "multiple_reality_strength_post": {
      "mean": 1.6968231508962728,
      "std": 0.002103925498037952,
      "min": 1.6935655035813222,
      "max": 1.7003531489802992
    },
    "frame_competition_delta": {
      "mean": 0.011413192490868168,
      "std": 0.001513585632760954,
      "min": 0.008666574178674225,
      "max": 0.013477279967987976
    },
    "semantic_interference": {
      "mean": 0.01770392324328697,
      "std": 0.006019458582554484,
      "min": 0.006757479690905489,
      "max": 0.028987141353008523
    },
    "emotional_intensity": {
      "mean": 0.0010747863355179534,
      "std": 0.0017101817387115896,
      "min": 0.0,
      "max": 0.005747126436781609
    }
  },
  "overall": {
    "von_neumann_entropy_pre": {
      "mean": 3.924999999977783,
      "std": 0.2667467828338398,
      "min": 2.9999999999884586,
      "max": 3.9999999999769167
    },
    "superposition_strength_pre": {
      "mean": 3.73125,
      "std": 0.06668669570922962,
      "min": 3.5,
      "max": 3.75
    },
    "quantum_coherence_pre": {
      "mean": 0.9328125,
      "std": 0.016671673927307406,
      "min": 0.875,
      "max": 0.9375
    },
    "frame_competition_pre": {
      "mean": 0.9999999999943734,
      "std": 5.131067550736473e-13,
      "min": 0.9999999999942292,
      "max": 0.9999999999961527
    },
    "multiple_reality_strength_pre": {
      "mean": 1.695510369802021,
      "std": 0.027691238430437397,
      "min": 1.5999999999992307,
      "max": 1.708931991461352
    },
    "von_neumann_entropy_post": {
      "mean": 3.8791002347134267,
      "std": 0.266016247576732,
      "min": 2.9511486940231926,
      "max": 3.9712587623655278
    },
    "superposition_strength_post": {
      "mean": 3.7141710758209228,
      "std": 0.07040558537632678,
      "min": 3.4667606353759766,
      "max": 3.7401561737060547
    },
    "quantum_coherence_post": {
      "mean": 0.9285427689552307,
      "std": 0.017601396344081695,
      "min": 0.8666901588439941,
      "max": 0.9350390434265137
    },
    "frame_competition_post": {
      "mean": 0.9882561912637531,
      "std": 0.0019895322470683723,
      "min": 0.9837162313410641,
      "max": 0.9928146905913818
    },
    "multiple_reality_strength_post": {
      "mean": 1.6863300383842663,
      "std": 0.02936172699635606,
      "min": 1.5834475004186035,
      "max": 1.7017682647435555
    },
    "frame_competition_delta": {
      "mean": 0.011743808730620342,
      "std": 0.001989532247261428,
      "min": 0.00718530940284734,
      "max": 0.016283768655088626
    },
    "semantic_interference": {
      "mean": 0.009260196859330414,
      "std": 0.00964643933357179,
      "min": 0.0,
      "max": 0.028987141353008523
    },
    "emotional_intensity": {
      "mean": 0.0023231074534732624,
      "std": 0.011282890053096803,
      "min": 0.0,
      "max": 0.07142857142857142
    }
  }
}