{
  "新聞標題": {
    "von_neumann_entropy_pre": {
      "mean": 3.8499999999786487,
      "std": 0.3663475485282949,
      "min": 2.9999999999884586,
      "max": 3.9999999999769167
    },
    "superposition_strength_pre": {
      "mean": 3.7125,
      "std": 0.09158688713313082,
      "min": 3.5,
      "max": 3.75
    },
    "quantum_coherence_pre": {
      "mean": 0.928125,
      "std": 0.022896721783282704,
      "min": 0.875,
      "max": 0.9375
    },
    "frame_competition_pre": {
      "mean": 0.9999999999945178,
      "std": 7.04696048870652e-13,
      "min": 0.9999999999942292,
      "max": 0.9999999999961527
    },
    "multiple_reality_strength_pre": {
      "mean": 1.6856020839986585,
      "std": 0.03693109661392444,
      "min": 1.5999999999992307,
      "max": 1.7071428571417029
    },
    "von_neumann_entropy_post": {
      "mean": 3.8476802498434113,
      "std": 0.36632708809415465,
      "min": 2.9975594349141184,
      "max": 3.9986207894357557
    },
    "superposition_strength_post": {
      "mean": 3.7115813493728638,
      "std": 0.09186735358279764,
      "min": 3.498317241668701,
      "max": 3.7495174407958984
    },
    "quantum_coherence_post": {
      "mean": 0.9278953373432159,
      "std": 0.02296683839569941,
      "min": 0.8745793104171753,
      "max": 0.9373793601989746
    },
    "frame_competition_post": {
      "mean": 0.9993916659784279,
      "std": 0.00012378630984972308,
      "min": 0.9991864783047061,
      "max": 0.9996551973589388
    },
    "multiple_reality_strength_post": {
      "mean": 1.6851129569445864,
      "std": 0.03705583894054364,
      "min": 1.5991641923284217,
      "max": 1.7066442750674293
    },
    "frame_competition_delta": {
      "mean": 0.0006083340160897676,
      "std": 0.00012378631021507747,
      "min": 0.00034480263529035327,
      "max": 0.0008135216914466614
    },
    "semantic_interference": {
      "mean": 0.0008164704753738558,
      "std": 0.002161791655028981,
      "min": 0.0,
      "max": 0.00818181818181818
    },
    "emotional_intensity": {
      "mean": 0.0035714285714285713,
      "std": 0.015971914124998498,
      "min": 0.0,
      "max": 0.07142857142857142
    }
  },
  "新聞內容": {
    "von_neumann_entropy_pre": {
      "mean": 3.999999999976917,
      "std": 4.556259157007654e-16,
      "min": 3.9999999999769167,
      "max": 3.9999999999769167
    },
    "superposition_strength_pre": {
      "mean": 3.75,
      "std": 0.0,
      "min": 3.75,
      "max": 3.75
    },
    "quantum_coherence_pre": {
      "mean": 0.9375,
      "std": 0.0,
      "min": 0.9375,
      "max": 0.9375
    },
    "frame_competition_pre": {
      "mean": 0.9999999999942293,
      "std": 1.1390647892519134e-16,
      "min": 0.9999999999942292,
      "max": 0.9999999999942292
    },
    "multiple_reality_strength_pre": {
      "mean": 1.7054186556053836,
      "std": 0.0018382714873651648,
      "min": 1.7020272439061175,
      "max": 1.708931991461352
    },
    "von_neumann_entropy_post": {
      "mean": 3.9976375579895014,
      "std": 0.0006657655300496073,
      "min": 3.9962970246913585,
      "max": 3.999040320277133
    },
    "superposition_strength_post": {
      "mean": 3.749182677268982,
      "std": 0.00023105827139589927,
      "min": 3.748713493347168,
      "max": 3.749668598175049
    },
    "quantum_coherence_post": {
      "mean": 0.9372956693172455,
      "std": 5.776456784897482e-05,
      "min": 0.937178373336792,
      "max": 0.9374171495437622
    },
    "frame_competition_post": {
      "mean": 0.9994093894973753,
      "std": 0.00016644138251237497,
      "min": 0.9990742561728397,
      "max": 0.9997600800692833
    },
    "multiple_reality_strength_post": {
      "mean": 1.7049736044136057,
      "std": 0.0018057708286466976,
      "min": 1.701488634356692,
      "max": 1.7085074606087378
    },
    "frame_competition_delta": {
      "mean": 0.0005906104968538995,
      "std": 0.00016644138251237494,
      "min": 0.000239919924945875,
      "max": 0.0009257438213894353
    },
    "semantic_interference": {
      "mean": 0.01770392324328697,
      "std": 0.006019458582554484,
      "min": 0.006757479690905489,
      "max": 0.028987141353008523
    },
    "emotional_intensity": {
      "mean": 0.0010747863355179534,
      "std": 0.0017101817387115896,
      "min": 0.0,
      "max": 0.005747126436781609
    }
  },
  "overall": {
    "von_neumann_entropy_pre": {
      "mean": 3.924999999977783,
      "std": 0.2667467828338398,
      "min": 2.9999999999884586,
      "max": 3.9999999999769167
    },
    "superposition_strength_pre": {
      "mean": 3.73125,
      "std": 0.06668669570922962,
      "min": 3.5,
      "max": 3.75
    },
    "quantum_coherence_pre": {
      "mean": 0.9328125,
      "std": 0.016671673927307406,
      "min": 0.875,
      "max": 0.9375
    },
    "frame_competition_pre": {
      "mean": 0.9999999999943734,
      "std": 5.131067550736473e-13,
      "min": 0.9999999999942292,
      "max": 0.9999999999961527
    },
    "multiple_reality_strength_pre": {
      "mean": 1.695510369802021,
      "std": 0.027691238430437397,
      "min": 1.5999999999992307,
      "max": 1.708931991461352
    },
    "von_neumann_entropy_post": {
      "mean": 3.9226589039164557,
      "std": 0.2667273426926111,
      "min": 2.9975594349141184,
      "max": 3.999040320277133
    },
    "superposition_strength_post": {
      "mean": 3.7303820133209227,
      "std": 0.06688915733642682,
      "min": 3.498317241668701,
      "max": 3.749668598175049
    },
    "quantum_coherence_post": {
      "mean": 0.9325955033302307,
      "std": 0.016722289334106705,
      "min": 0.8745793104171753,
      "max": 0.9374171495437622
    },
    "frame_competition_post": {
      "mean": 0.9994005277379016,
      "std": 0.00014505800195330969,
      "min": 0.9990742561728397,
      "max": 0.9997600800692833
    },
    "multiple_reality_strength_post": {
      "mean": 1.695043280679096,
      "std": 0.027779339919644794,
      "min": 1.5991641923284217,
      "max": 1.7085074606087378
    },
    "frame_competition_delta": {
      "mean": 0.0005994722564718336,
      "std": 0.00014505800211424093,
      "min": 0.000239919924945875,
      "max": 0.0009257438213894353
    },
    "semantic_interference": {
      "mean": 0.009260196859330414,
      "std": 0.00964643933357179,
      "min": 0.0,
      "max": 0.028987141353008523
    },
    "emotional_intensity": {
      "mean": 0.0023231074534732624,
      "std": 0.011282890053096803,
      "min": 0.0,
      "max": 0.07142857142857142
    }
  }
}