{
  "新聞標題": {
    "von_neumann_entropy_pre": {
      "mean": 3.996644295278969,
      "std": 0.057928444635680615,
      "min": 2.9999999999884586,
      "max": 3.9999999999769167
    },
    "superposition_strength_pre": {
      "mean": 3.7491610738255035,
      "std": 0.01448211115908731,
      "min": 3.5,
      "max": 3.75
    },
    "quantum_coherence_pre": {
      "mean": 0.9372902684563759,
      "std": 0.0036205277897718275,
      "min": 0.875,
      "max": 0.9375
    },
    "frame_competition_pre": {
      "mean": 0.9999999999942355,
      "std": 1.1142963023906978e-13,
      "min": 0.9999999999942292,
      "max": 0.9999999999961527
    },
    "multiple_reality_strength_pre": {
      "mean": 1.7001435319221614,
      "std": 0.00589443042284442,
      "min": 1.5999999999992307,
      "max": 1.7084374999988459
    },
    "von_neumann_entropy_post": {
      "mean": 3.993990286691067,
      "std": 0.057892028953620854,
      "min": 2.9981270380301153,
      "max": 3.9993515466645544
    },
    "superposition_strength_post": {
      "mean": 3.748240314074011,
      "std": 0.014507148604797609,
      "min": 3.4987220764160156,
      "max": 3.749774932861328
    },
    "quantum_coherence_post": {
      "mean": 0.9370600785185027,
      "std": 0.003626787151199402,
      "min": 0.8746805191040039,
      "max": 0.937443733215332
    },
    "frame_competition_post": {
      "mean": 0.9993359740883233,
      "std": 0.0002549406836159489,
      "min": 0.9978245603916869,
      "max": 0.9998378866661386
    },
    "multiple_reality_strength_post": {
      "mean": 1.6996424228403815,
      "std": 0.005908150759259024,
      "min": 1.5993639664350807,
      "max": 1.7081282149962949
    },
    "frame_competition_delta": {
      "mean": 0.0006640259059123528,
      "std": 0.00025494068361494026,
      "min": 0.000162113328090574,
      "max": 0.002175439602542295
    },
    "semantic_interference": {
      "mean": 0.0013921456986821373,
      "std": 0.0025623392248752363,
      "min": 0.0,
      "max": 0.028125
    },
    "emotional_intensity": {
      "mean": 0.0006145868350804386,
      "std": 0.0053243689573505126,
      "min": 0.0,
      "max": 0.05263157894736842
    }
  },
  "影片對話": {
    "von_neumann_entropy_pre": {
      "mean": 3.999999999976917,
      "std": 4.448362065257808e-16,
      "min": 3.9999999999769167,
      "max": 3.9999999999769167
    },
    "superposition_strength_pre": {
      "mean": 3.75,
      "std": 0.0,
      "min": 3.75,
      "max": 3.75
    },
    "quantum_coherence_pre": {
      "mean": 0.9375,
      "std": 0.0,
      "min": 0.9375,
      "max": 0.9375
    },
    "frame_competition_pre": {
      "mean": 0.9999999999942293,
      "std": 1.112090516314452e-16,
      "min": 0.9999999999942292,
      "max": 0.9999999999942292
    },
    "multiple_reality_strength_pre": {
      "mean": 1.7053856582736686,
      "std": 0.0012736055143107315,
      "min": 1.7017753322506894,
      "max": 1.7097874826775536
    },
    "von_neumann_entropy_post": {
      "mean": 3.9973800793591425,
      "std": 0.0009770702794297723,
      "min": 3.993502114768221,
      "max": 3.999317068348523
    },
    "superposition_strength_post": {
      "mean": 3.7490929165142495,
      "std": 0.0003371833860489132,
      "min": 3.747788906097412,
      "max": 3.749762535095215
    },
    "quantum_coherence_post": {
      "mean": 0.9372732291285624,
      "std": 8.42958465122283e-05,
      "min": 0.936947226524353,
      "max": 0.9374406337738037
    },
    "frame_competition_post": {
      "mean": 0.9993450198397856,
      "std": 0.00024426756985744324,
      "min": 0.9983755286920551,
      "max": 0.9998292670871307
    },
    "multiple_reality_strength_post": {
      "mean": 1.70489182884848,
      "std": 0.0012649036217193736,
      "min": 1.7014792869437838,
      "max": 1.7092763285532067
    },
    "frame_competition_delta": {
      "mean": 0.0006549801544434479,
      "std": 0.00024426756985744324,
      "min": 0.00017073290709845867,
      "max": 0.0016244713021740242
    },
    "semantic_interference": {
      "mean": 0.017768948280803856,
      "std": 0.004232358973544434,
      "min": 0.005917774172812086,
      "max": 0.03262494226235983
    },
    "emotional_intensity": {
      "mean": 0.0005497379058197663,
      "std": 0.0016068746645863112,
      "min": 0.0,
      "max": 0.011538461538461539
    }
  },
  "影片描述": {
    "von_neumann_entropy_pre": {
      "mean": 3.999999999976917,
      "std": 4.448362065257808e-16,
      "min": 3.9999999999769167,
      "max": 3.9999999999769167
    },
    "superposition_strength_pre": {
      "mean": 3.75,
      "std": 0.0,
      "min": 3.75,
      "max": 3.75
    },
    "quantum_coherence_pre": {
      "mean": 0.9375,
      "std": 0.0,
      "min": 0.9375,
      "max": 0.9375
    },
    "frame_competition_pre": {
      "mean": 0.9999999999942293,
      "std": 1.112090516314452e-16,
      "min": 0.9999999999942292,
      "max": 0.9999999999942292
    },
    "multiple_reality_strength_pre": {
      "mean": 1.7032680363883788,
      "std": 0.0014262620885834823,
      "min": 1.701221073188731,
      "max": 1.7139682763091357
    },
    "von_neumann_entropy_post": {
      "mean": 3.997404651209515,
      "std": 0.0010166086206060392,
      "min": 3.994019321616374,
      "max": 3.9992054884375543
    },
    "superposition_strength_post": {
      "mean": 3.7491012739655156,
      "std": 0.00035251324116498776,
      "min": 3.747934341430664,
      "max": 3.749725818634033
    },
    "quantum_coherence_post": {
      "mean": 0.9372753184913789,
      "std": 8.812831029124694e-05,
      "min": 0.936983585357666,
      "max": 0.9374314546585083
    },
    "frame_competition_post": {
      "mean": 0.9993511628023788,
      "std": 0.00025415215515150655,
      "min": 0.9985048304040934,
      "max": 0.9998013721093886
    },
    "multiple_reality_strength_post": {
      "mean": 1.7027787785362152,
      "std": 0.0014394247058004957,
      "min": 1.7002722754750632,
      "max": 1.7135142519865874
    },
    "frame_competition_delta": {
      "mean": 0.0006488371918504276,
      "std": 0.00025415215515150655,
      "min": 0.00019862788484059646,
      "max": 0.0014951695901357365
    },
    "semantic_interference": {
      "mean": 0.010610480578367554,
      "std": 0.004570341556390503,
      "min": 0.004070243966283927,
      "max": 0.04656092103429984
    },
    "emotional_intensity": {
      "mean": 0.0008489221602282675,
      "std": 0.0027749252543211745,
      "min": 0.0,
      "max": 0.0189873417721519
    }
  },
  "overall": {
    "von_neumann_entropy_pre": {
      "mean": 3.998881431744267,
      "std": 0.03344500310414654,
      "min": 2.9999999999884586,
      "max": 3.9999999999769167
    },
    "superposition_strength_pre": {
      "mean": 3.7497203579418343,
      "std": 0.00836125077613314,
      "min": 3.5,
      "max": 3.75
    },
    "quantum_coherence_pre": {
      "mean": 0.9374300894854586,
      "std": 0.002090312694033285,
      "min": 0.875,
      "max": 0.9375
    },
    "frame_competition_pre": {
      "mean": 0.9999999999942312,
      "std": 6.433406802894245e-14,
      "min": 0.9999999999942292,
      "max": 0.9999999999961527
    },
    "multiple_reality_strength_pre": {
      "mean": 1.7029324088614028,
      "std": 0.004172892264604907,
      "min": 1.5999999999992307,
      "max": 1.7139682763091357
    },
    "von_neumann_entropy_post": {
      "mean": 3.9962583390865754,
      "std": 0.033434959889587695,
      "min": 2.9981270380301153,
      "max": 3.9993515466645544
    },
    "superposition_strength_post": {
      "mean": 3.7488115015179253,
      "std": 0.008380799533799175,
      "min": 3.4987220764160156,
      "max": 3.749774932861328
    },
    "quantum_coherence_post": {
      "mean": 0.9372028753794813,
      "std": 0.0020951998834497936,
      "min": 0.8746805191040039,
      "max": 0.937443733215332
    },
    "frame_competition_post": {
      "mean": 0.999344052243496,