{
  "analysis_timestamp": "2025-09-20T14:58:45.385174",
  "processing_time_seconds": 160.94180417060852,
  "global_statistics": {
    "total_processed_records": 896,
    "total_word_tokens": 166965,
    "vocabulary_size": 16066,
    "avg_words_per_record": 186.34486607142858
  },
  "field_statistics": {
    "新聞標題": {
      "field_name": "新聞標題",
      "total_records": 299,
      "avg_word_count": 9.953177257525084,
      "std_word_count": 2.453135650635577,
      "min_word_count": "3",
      "max_word_count": "23",
      "avg_unique_words": 9.762541806020067,
      "avg_lexical_diversity": 0.9833286947712483,
      "total_vocabulary_size": 1839,
      "total_word_tokens": 2976,
      "top_10_words": [
        [
          "-",
          54
        ],
        [
          "，",
          41
        ],
        [
          "：",
          41
        ],
        [
          "！",
          30
        ],
        [
          "」",
          30
        ],
        [
          "爭議",
          27
        ],
        [
          "「",
          26
        ],
        [
          "引發",
          22
        ],
        [
          "？",
          17
        ],
        [
          "惹議",
          17
        ]
      ]
    },
    "影片對話": {
      "field_name": "影片對話",
      "total_records": 298,
      "avg_word_count": 375.6241610738255,
      "std_word_count": 115.8180403764681,
      "min_word_count": "122",
      "max_word_count": "957",
      "avg_unique_words": 202.91610738255034,
      "avg_lexical_diversity": 0.5530923033889138,
      "total_vocabulary_size": 11445,
      "total_word_tokens": 111936,
      "top_10_words": [
        [
          "，",
          8509
        ],
        [
          "的",
          4131
        ],
        [
          "。",
          3383
        ],
        [
          "是",
          2135
        ],
        [
          "：",
          2107
        ],
        [
          "？",
          1615
        ],
        [
          "這",
          1441
        ],
        [
          "「",
          1337
        ],
        [
          "」",
          1336
        ],
        [
          "名嘴",
          1057
        ]
      ]
    },
    "影片描述": {
      "field_name": "影片描述",
      "total_records": 299,
      "avg_word_count": 174.09030100334448,
      "std_word_count": 74.25083047119342,
      "min_word_count": "66",
      "max_word_count": "491",
      "avg_unique_words": 117.62207357859532,
      "avg_lexical_diversity": 0.6967970747235513,
      "total_vocabulary_size": 9471,
      "total_word_tokens": 52053,
      "top_10_words": [
        [
          "，",
          3133
        ],
        [
          "。",
          1878
        ],
        [
          "的",
          882
        ],
        [
          "、",
          808
        ],
        [
          "-",
          632
        ],
        [
          "「",
          602
        ],
        [
          "」",
          602
        ],
        [
          "與",
          423
        ],
        [
          "台灣",
          328
        ],
        [
          "對",
          289
        ]
      ]
    }
  },
  "fields_analyzed": [
    "新聞標題",
    "影片對話",
    "影片描述"
  ],
  "total_records_processed": 896
}